{
    "$schema": "http://json-schema.org/draft-07/schema",
    "$id": "http://example.com/example.json",
    "type": "object",
    "title": "The root schema",
    "description": "The root schema comprises the entire JSON document.",
    "default": {},
    "examples": [
        {
            "promotions": [
                {
                    "promotionId": "sabe movie for b2b",
                    "orderId": 32,
                    "promoArea": [
                        "home:main"
                    ],
                    "promoType": "VOD",
                    "showPrice": false,
                    "showText": false,
                    "localizedTexts": {
                        "ar": [
                            "Sabe movie",
                            " ",
                            " "
                        ],
                        "en": [
                            "Sabe movie",
                            " ",
                            " "
                        ]
                    },
                    "properties": [
                        {
                            "year": "2019",
                            "programType": "movie",
                            "currency": "SAR",
                            "programAvailabilityId": "http://data.entertainment.tv.theplatform.eu/entertainment/data/ProgramAvailability/192005160233",
                            "rating": {
                                "scheme": "urn:www.citc.gov.sa",
                                "rating": "15"
                            },
                            "categories": [
                                "GADM",
                                "Movies"
                            ],
                            "genre": [
                                "Comedy"
                            ],
                            "programDescription": {
                                "ar": "فيلم كوميدي اجتماعي. يعقد عمر ونسمة قرانهما رغم استنكار عائلتيهما، لكن تقع المأساة حين يهاجم مسلحون العروسَين. هل يمكن للزوجين الخروج سالِمَين من الصدمة؟ أم أن ارتباطهما محكوم عليه بالخيبة والفشل؟",
                                "en": "Comedy. Despite the disapproval of their families, Omar and Nesma tie the knot but tragedy strikes when armed assailants attack the newlyweds. Can the couple emerge unscathed from the trauma or is their union doomed?"
                            },
                            "duration": "5382"
                        }
                    ],
                    "images": [
                        {
                            "id": "280x392",
                            "url": "https://s3-eu-west-1.amazonaws.com/image.wt/Promotions/main/main_1618394942.jpeg",
                            "width": 280,
                            "height": 392
                        },
                        {
                            "id": "1024x392",
                            "url": "https://s3-eu-west-1.amazonaws.com/image.wt/Promotions/tablet/tablet_1618394942.jpeg",
                            "width": 1024,
                            "height": 392
                        },
                        {
                            "id": "640x487",
                            "url": "https://s3-eu-west-1.amazonaws.com/image.wt/Promotions/mobile/mobile_1618394942.jpeg",
                            "width": 640,
                            "height": 487
                        },
                        {
                            "id": "1920x1080",
                            "url": "https://s3-eu-west-1.amazonaws.com/image.wt/Promotions/weblandscape/weblandscape_1618394942.jpeg",
                            "width": 1920,
                            "height": 1080
                        },
                        {
                            "id": "396x586",
                            "url": "https://s3-eu-west-1.amazonaws.com/image.wt/Promotions/webportrait/webportrait_1618394942.jpeg",
                            "width": 396,
                            "height": 586
                        },
                        {
                            "id": "1920x1080",
                            "url": "https://s3-eu-west-1.amazonaws.com/image.wt/Promotions/webcp_en/webcp_en_1618394942.jpeg",
                            "width": 1920,
                            "height": 1080
                        },
                        {
                            "id": "1920x1080",
                            "url": "https://s3-eu-west-1.amazonaws.com/image.wt/Promotions/webcp_ar/webcp_ar_1618394942.jpeg",
                            "width": 1920,
                            "height": 1080
                        },
                        {
                            "id": "1272x440",
                            "url": "https://s3-eu-west-1.amazonaws.com/image.wt/Promotions/webcp_logo_en/webcp_logo_en_1618394942.png",
                            "width": 1272,
                            "height": 440
                        },
                        {
                            "id": "1272x440",
                            "url": "https://s3-eu-west-1.amazonaws.com/image.wt/Promotions/webcp_logo_ar/webcp_logo_ar_1618394943.png",
                            "width": 1272,
                            "height": 440
                        }
                    ]
                },
                {
                    "promotionId": "Bharti Rewind b2b",
                    "orderId": 50,
                    "promoArea": [
                        "home:main"
                    ],
                    "promoType": "REWIND",
                    "showPrice": true,
                    "showText": true,
                    "localizedTexts": {
                        "ar": [
                            "Bharti Rewind b2b2c",
                            " "
                        ],
                        "en": [
                            "Bharti Rewind b2b2c",
                            " "
                        ]
                    },
                    "properties": [
                        {
                            "channelId": "http://data.entertainment.tv.theplatform.eu/entertainment/data/Channel/91249192153",
                            "stationId": "http://data.entertainment.tv.theplatform.eu/entertainment/data/Station/91237416319",
                            "price": "Free",
                            "currency": "USD",
                            "programAvailabilityId": "http://data.entertainment.tv.theplatform.eu/entertainment/data/ProgramAvailability/103781928279",
                            "rating": {
                                "scheme": "urn:www.citc.gov.sa",
                                "rating": "family"
                            },
                            "startTime": 1642548600000,
                            "endTime": 1642550400000,
                            "listingId": "http://data.entertainment.tv.theplatform.eu/entertainment/data/Listing/255511592361",
                            "channelNumber": 168,
                            "channelTitle": "Majid",
                            "programTitle": {
                                "ar": "ماركو بولو",
                                "en": "The Travels of the Young Marco Polo"
                            },
                            "type": "LINEAR"
                        }
                    ],
                    "images": [
                        {
                            "id": "280x392",
                            "url": "https://s3-eu-west-1.amazonaws.com/image.wt/Promotions/main/main_1626078725.jpeg",
                            "width": 280,
                            "height": 392
                        },
                        {
                            "id": "1024x392",
                            "url": "https://s3-eu-west-1.amazonaws.com/image.wt/Promotions/tablet/tablet_1626078725.jpeg",
                            "width": 1024,
                            "height": 392
                        },
                        {
                            "id": "640x487",
                            "url": "https://s3-eu-west-1.amazonaws.com/image.wt/Promotions/mobile/mobile_1626078725.jpeg",
                            "width": 640,
                            "height": 487
                        },
                        {
                            "id": "1920x1080",
                            "url": "https://s3-eu-west-1.amazonaws.com/image.wt/Promotions/weblandscape/weblandscape_1626078725.jpeg",
                            "width": 1920,
                            "height": 1080
                        },
                        {
                            "id": "396x586",
                            "url": "https://s3-eu-west-1.amazonaws.com/image.wt/Promotions/webportrait/webportrait_1626078725.jpeg",
                            "width": 396,
                            "height": 586
                        },
                        {
                            "id": "1920x1080",
                            "url": "https://s3-eu-west-1.amazonaws.com/image.wt/Promotions/webcp_en/webcp_en_1626078725.jpeg",
                            "width": 1920,
                            "height": 1080
                        },
                        {
                            "id": "1920x1080",
                            "url": "https://s3-eu-west-1.amazonaws.com/image.wt/Promotions/webcp_ar/webcp_ar_1626078725.jpeg",
                            "width": 1920,
                            "height": 1080
                        },
                        {
                            "id": "396x586",
                            "url": "https://s3-eu-west-1.amazonaws.com/image.wt/Promotions/webcp_logo_en/webcp_logo_en_1626078725.jpeg",
                            "width": 396,
                            "height": 586
                        },
                        {
                            "id": "396x586",
                            "url": "https://s3-eu-west-1.amazonaws.com/image.wt/Promotions/webcp_logo_ar/webcp_logo_ar_1626078725.jpeg",
                            "width": 396,
                            "height": 586
                        }
                    ]
                },
                {
                    "promotionId": "Bharti subscription b2b",
                    "orderId": 52,
                    "promoArea": [
                        "home:main"
                    ],
                    "promoType": "SUBSCRIPTION",
                    "showPrice": true,
                    "showText": true,
                    "localizedTexts": {
                        "ar": [
                            "Bharti subscription b2b2c",
                            " "
                        ],
                        "en": [
                            "Bharti subscription b2b2c",
                            " "
                        ]
                    },
                    "properties": [
                        {
                            "price": "28.00",
                            "currency": "SAR",
                            "subscriptionGuid": "BASE_SUBSCRIPTION"
                        }
                    ],
                    "images": [
                        {
                            "id": "280x392",
                            "url": "https://s3-eu-west-1.amazonaws.com/image.wt/Promotions/main/main_1626078795.jpeg",
                            "width": 280,
                            "height": 392
                        },
                        {
                            "id": "1024x392",
                            "url": "https://s3-eu-west-1.amazonaws.com/image.wt/Promotions/tablet/tablet_1626078795.jpeg",
                            "width": 1024,
                            "height": 392
                        },
                        {
                            "id": "640x487",
                            "url": "https://s3-eu-west-1.amazonaws.com/image.wt/Promotions/mobile/mobile_1626078795.jpeg",
                            "width": 640,
                            "height": 487
                        },
                        {
                            "id": "1920x1080",
                            "url": "https://s3-eu-west-1.amazonaws.com/image.wt/Promotions/weblandscape/weblandscape_1626078795.jpeg",
                            "width": 1920,
                            "height": 1080
                        },
                        {
                            "id": "396x586",
                            "url": "https://s3-eu-west-1.amazonaws.com/image.wt/Promotions/webportrait/webportrait_1626078795.jpeg",
                            "width": 396,
                            "height": 586
                        },
                        {
                            "id": "1920x1080",
                            "url": "https://s3-eu-west-1.amazonaws.com/image.wt/Promotions/webcp_en/webcp_en_1626078795.jpeg",
                            "width": 1920,
                            "height": 1080
                        },
                        {
                            "id": "1920x1080",
                            "url": "https://s3-eu-west-1.amazonaws.com/image.wt/Promotions/webcp_ar/webcp_ar_1626078795.jpeg",
                            "width": 1920,
                            "height": 1080
                        },
                        {
                            "id": "396x586",
                            "url": "https://s3-eu-west-1.amazonaws.com/image.wt/Promotions/webcp_logo_en/webcp_logo_en_1626078795.jpeg",
                            "width": 396,
                            "height": 586
                        },
                        {
                            "id": "396x586",
                            "url": "https://s3-eu-west-1.amazonaws.com/image.wt/Promotions/webcp_logo_ar/webcp_logo_ar_1626078795.jpeg",
                            "width": 396,
                            "height": 586
                        }
                    ]
                },
                {
                    "promotionId": "Bharti channel b2b",
                    "orderId": 53,
                    "promoArea": [
                        "home:main"
                    ],
                    "promoType": "CHANNEL",
                    "showPrice": true,
                    "showText": true,
                    "localizedTexts": {
                        "ar": [
                            "Bharti Arabic b2b",
                            " ",
                            " "
                        ],
                        "en": [
                            "Bharti Arabic b2b2c",
                            " "
                        ]
                    },
                    "properties": [
                        {
                            "channelId": "http://data.entertainment.tv.theplatform.eu/entertainment/data/Channel/132941864273",
                            "guid": "JAW1_KSA",
                            "updated": 1632895945000,
                            "title": "Jawwy TV Live",
                            "channelNumber": 1,
                            "locationId": "http://data.entertainment.tv.theplatform.eu/entertainment/data/Location/61157928362",
                            "categories": [
                                "Entertainment"
                            ],
                            "subscriptionGuids": [
                                "BASE_SUBSCRIPTION",
                                "BASE_PLUS_SUBSCRIPTION"
                            ]
                        }
                    ],
                    "images": [
                        {
                            "id": "280x392",
                            "url": "https://s3-eu-west-1.amazonaws.com/image.wt/Promotions/main/main_1626084994.jpeg",
                            "width": 280,
                            "height": 392
                        },
                        {
                            "id": "1024x392",
                            "url": "https://s3-eu-west-1.amazonaws.com/image.wt/Promotions/tablet/tablet_1626084994.jpeg",
                            "width": 1024,
                            "height": 392
                        },
                        {
                            "id": "640x487",
                            "url": "https://s3-eu-west-1.amazonaws.com/image.wt/Promotions/mobile/mobile_1626084994.jpeg",
                            "width": 640,
                            "height": 487
                        },
                        {
                            "id": "1920x1080",
                            "url": "https://s3-eu-west-1.amazonaws.com/image.wt/Promotions/weblandscape/weblandscape_1626084994.jpeg",
                            "width": 1920,
                            "height": 1080
                        },
                        {
                            "id": "396x586",
                            "url": "https://s3-eu-west-1.amazonaws.com/image.wt/Promotions/webportrait/webportrait_1626084994.jpeg",
                            "width": 396,
                            "height": 586
                        },
                        {
                            "id": "1920x1080",
                            "url": "https://s3-eu-west-1.amazonaws.com/image.wt/Promotions/webcp_en/webcp_en_1626084994.jpeg",
                            "width": 1920,
                            "height": 1080
                        },
                        {
                            "id": "1920x1080",
                            "url": "https://s3-eu-west-1.amazonaws.com/image.wt/Promotions/webcp_ar/webcp_ar_1626084994.jpeg",
                            "width": 1920,
                            "height": 1080
                        },
                        {
                            "id": "396x586",
                            "url": "https://s3-eu-west-1.amazonaws.com/image.wt/Promotions/webcp_logo_en/webcp_logo_en_1626084994.jpeg",
                            "width": 396,
                            "height": 586
                        },
                        {
                            "id": "396x586",
                            "url": "https://s3-eu-west-1.amazonaws.com/image.wt/Promotions/webcp_logo_ar/webcp_logo_ar_1626084994.jpeg",
                            "width": 396,
                            "height": 586
                        }
                    ]
                },
                {
                    "promotionId": "Bharti Episode b2b2c",
                    "orderId": 54,
                    "promoArea": [
                        "home:main"
                    ],
                    "promoType": "EPISODE",
                    "showPrice": true,
                    "showText": true,
                    "localizedTexts": {
                        "ar": [
                            "Bharti Episode b2b2c",
                            " "
                        ],
                        "en": [
                            "Bharti Episode b2b2c",
                            " "
                        ]
                    },
                    "properties": [
                        {
                            "year": "2007",
                            "programType": "episode",
                            "currency": "SAR",
                            "programAvailabilityId": "http://data.entertainment.tv.theplatform.eu/entertainment/data/ProgramAvailability/215535143960",
                            "rating": {
                                "scheme": "urn:www.citc.gov.sa",
                                "rating": "18"
                            },
                            "categories": [
                                "Arabic",
                                "GADM",
                                "Series"
                            ],
                            "seriesId": "http://data.entertainment.tv.theplatform.eu/entertainment/data/Program/guid/2702652773/079_INT-INTIGRAL-SERIES-S0009594",
                            "seasonNumber": 1,
                            "seriesPaId": "http://data.entertainment.tv.theplatform.eu/entertainment/data/ProgramAvailability/215440424268",
                            "genre": [
                                "Drama"
                            ],
                            "programDescription": {
                                "ar": "من بطولة صلاح السعدني وبوسي وعبد الرحمن أبو زهرة وكوكبة من نجوم الدراما المصرية، يلقي هذا المسلسل الجريء نظرة ثاقبة على حرب الأيام الستة عام 1967 التي غيرت المشهد السياسي في الشرق الأوسط.",
                                "en": "Starring Salah E-Saadani, Busi and Abdel Rahman Abou Zahra, this gritty drama series takes an unflinching look at the 1967 Six-Day War that transformed the political landscape of the Middle East."
                            },
                            "duration": "2881",
                            "episodeNumber": 28,
                            "seriesGuid": "079_INT-INTIGRAL-SERIES-S0009594"
                        }
                    ],
                    "images": [
                        {
                            "id": "280x392",
                            "url": "https://s3-eu-west-1.amazonaws.com/image.wt/Promotions/main/main_1626085396.jpeg",
                            "width": 280,
                            "height": 392
                        },
                        {
                            "id": "1024x392",
                            "url": "https://s3-eu-west-1.amazonaws.com/image.wt/Promotions/tablet/tablet_1626085396.jpeg",
                            "width": 1024,
                            "height": 392
                        },
                        {
                            "id": "640x487",
                            "url": "https://s3-eu-west-1.amazonaws.com/image.wt/Promotions/mobile/mobile_1626085396.jpeg",
                            "width": 640,
                            "height": 487
                        },
                        {
                            "id": "1920x1080",
                            "url": "https://s3-eu-west-1.amazonaws.com/image.wt/Promotions/weblandscape/weblandscape_1626085396.jpeg",
                            "width": 1920,
                            "height": 1080
                        },
                        {
                            "id": "396x586",
                            "url": "https://s3-eu-west-1.amazonaws.com/image.wt/Promotions/webportrait/webportrait_1626085396.jpeg",
                            "width": 396,
                            "height": 586
                        },
                        {
                            "id": "1920x1080",
                            "url": "https://s3-eu-west-1.amazonaws.com/image.wt/Promotions/webcp_en/webcp_en_1626085396.jpeg",
                            "width": 1920,
                            "height": 1080
                        },
                        {
                            "id": "1920x1080",
                            "url": "https://s3-eu-west-1.amazonaws.com/image.wt/Promotions/webcp_ar/webcp_ar_1626085396.jpeg",
                            "width": 1920,
                            "height": 1080
                        },
                        {
                            "id": "396x586",
                            "url": "https://s3-eu-west-1.amazonaws.com/image.wt/Promotions/webcp_logo_en/webcp_logo_en_1626085396.jpeg",
                            "width": 396,
                            "height": 586
                        },
                        {
                            "id": "396x586",
                            "url": "https://s3-eu-west-1.amazonaws.com/image.wt/Promotions/webcp_logo_ar/webcp_logo_ar_1626085397.jpeg",
                            "width": 396,
                            "height": 586
                        }
                    ]
                },
                {
                    "promotionId": "Bharti season b2b",
                    "orderId": 55,
                    "promoArea": [
                        "home:main"
                    ],
                    "promoType": "SEASON",
                    "showPrice": true,
                    "showText": true,
                    "localizedTexts": {
                        "ar": [
                            "Bharti season b2b",
                            " ",
                            " "
                        ],
                        "en": [
                            "Bharti season b2b",
                            " ",
                            " "
                        ]
                    },
                    "properties": [
                        {
                            "rating": {
                                "scheme": "urn:www.citc.gov.sa",
                                "rating": "Family"
                            },
                            "guid": "048_INT-INTIGRAL-SEASON-S0008770004",
                            "updated": 1626081083000,
                            "title": "Karameesh Kids Songs, S04",
                            "seasonId": "http://data.entertainment.tv.theplatform.eu/entertainment/data/TvSeason/215440424274",
                            "seriesId": "http://data.entertainment.tv.theplatform.eu/entertainment/data/Program/guid/2702652773/048_INT-INTIGRAL-SERIES-S0008770",
                            "seasonNumber": 4,
                            "seriesPaId": "http://data.entertainment.tv.theplatform.eu/entertainment/data/ProgramAvailability/141522984065",
                            "noOfEpisodes": 13,
                            "seriesGuid": "048_INT-INTIGRAL-SERIES-S0008770",
                            "firstEpisodeId": "http://data.entertainment.tv.theplatform.eu/entertainment/data/ProgramAvailability/215531560417"
                        }
                    ],
                    "images": [
                        {
                            "id": "280x392",
                            "url": "https://s3-eu-west-1.amazonaws.com/image.wt/Promotions/main/main_1626101030.jpeg",
                            "width": 280,
                            "height": 392
                        },
                        {
                            "id": "1024x392",
                            "url": "https://s3-eu-west-1.amazonaws.com/image.wt/Promotions/tablet/tablet_1626101030.jpeg",
                            "width": 1024,
                            "height": 392
                        },
                        {
                            "id": "640x487",
                            "url": "https://s3-eu-west-1.amazonaws.com/image.wt/Promotions/mobile/mobile_1626101030.jpeg",
                            "width": 640,
                            "height": 487
                        },
                        {
                            "id": "1920x1080",
                            "url": "https://s3-eu-west-1.amazonaws.com/image.wt/Promotions/weblandscape/weblandscape_1626101030.jpeg",
                            "width": 1920,
                            "height": 1080
                        },
                        {
                            "id": "396x586",
                            "url": "https://s3-eu-west-1.amazonaws.com/image.wt/Promotions/webportrait/webportrait_1626101030.jpeg",
                            "width": 396,
                            "height": 586
                        },
                        {
                            "id": "1920x1080",
                            "url": "https://s3-eu-west-1.amazonaws.com/image.wt/Promotions/webcp_en/webcp_en_1626101030.jpeg",
                            "width": 1920,
                            "height": 1080
                        },
                        {
                            "id": "1920x1080",
                            "url": "https://s3-eu-west-1.amazonaws.com/image.wt/Promotions/webcp_ar/webcp_ar_1626101030.jpeg",
                            "width": 1920,
                            "height": 1080
                        },
                        {
                            "id": "396x586",
                            "url": "https://s3-eu-west-1.amazonaws.com/image.wt/Promotions/webcp_logo_en/webcp_logo_en_1626101030.jpeg",
                            "width": 396,
                            "height": 586
                        },
                        {
                            "id": "396x586",
                            "url": "https://s3-eu-west-1.amazonaws.com/image.wt/Promotions/webcp_logo_ar/webcp_logo_ar_1626101030.jpeg",
                            "width": 396,
                            "height": 586
                        }
                    ]
                }
            ]
        }
    ],
    "required": [
        "promotions"
    ],
    "properties": {
        "promotions": {
            "$id": "#/properties/promotions",
            "type": "array",
            "title": "The promotions schema",
            "description": "An explanation about the purpose of this instance.",
            "default": [],
            "examples": [
                [
                    {
                        "promotionId": "sabe movie for b2b",
                        "orderId": 32,
                        "promoArea": [
                            "home:main"
                        ],
                        "promoType": "VOD",
                        "showPrice": false,
                        "showText": false,
                        "localizedTexts": {
                            "ar": [
                                "Sabe movie",
                                " ",
                                " "
                            ],
                            "en": [
                                "Sabe movie",
                                " ",
                                " "
                            ]
                        },
                        "properties": [
                            {
                                "year": "2019",
                                "programType": "movie",
                                "currency": "SAR",
                                "programAvailabilityId": "http://data.entertainment.tv.theplatform.eu/entertainment/data/ProgramAvailability/192005160233",
                                "rating": {
                                    "scheme": "urn:www.citc.gov.sa",
                                    "rating": "15"
                                },
                                "categories": [
                                    "GADM",
                                    "Movies"
                                ],
                                "genre": [
                                    "Comedy"
                                ],
                                "programDescription": {
                                    "ar": "فيلم كوميدي اجتماعي. يعقد عمر ونسمة قرانهما رغم استنكار عائلتيهما، لكن تقع المأساة حين يهاجم مسلحون العروسَين. هل يمكن للزوجين الخروج سالِمَين من الصدمة؟ أم أن ارتباطهما محكوم عليه بالخيبة والفشل؟",
                                    "en": "Comedy. Despite the disapproval of their families, Omar and Nesma tie the knot but tragedy strikes when armed assailants attack the newlyweds. Can the couple emerge unscathed from the trauma or is their union doomed?"
                                },
                                "duration": "5382"
                            }
                        ],
                        "images": [
                            {
                                "id": "280x392",
                                "url": "https://s3-eu-west-1.amazonaws.com/image.wt/Promotions/main/main_1618394942.jpeg",
                                "width": 280,
                                "height": 392
                            },
                            {
                                "id": "1024x392",
                                "url": "https://s3-eu-west-1.amazonaws.com/image.wt/Promotions/tablet/tablet_1618394942.jpeg",
                                "width": 1024,
                                "height": 392
                            },
                            {
                                "id": "640x487",
                                "url": "https://s3-eu-west-1.amazonaws.com/image.wt/Promotions/mobile/mobile_1618394942.jpeg",
                                "width": 640,
                                "height": 487
                            },
                            {
                                "id": "1920x1080",
                                "url": "https://s3-eu-west-1.amazonaws.com/image.wt/Promotions/weblandscape/weblandscape_1618394942.jpeg",
                                "width": 1920,
                                "height": 1080
                            },
                            {
                                "id": "396x586",
                                "url": "https://s3-eu-west-1.amazonaws.com/image.wt/Promotions/webportrait/webportrait_1618394942.jpeg",
                                "width": 396,
                                "height": 586
                            },
                            {
                                "id": "1920x1080",
                                "url": "https://s3-eu-west-1.amazonaws.com/image.wt/Promotions/webcp_en/webcp_en_1618394942.jpeg",
                                "width": 1920,
                                "height": 1080
                            },
                            {
                                "id": "1920x1080",
                                "url": "https://s3-eu-west-1.amazonaws.com/image.wt/Promotions/webcp_ar/webcp_ar_1618394942.jpeg",
                                "width": 1920,
                                "height": 1080
                            },
                            {
                                "id": "1272x440",
                                "url": "https://s3-eu-west-1.amazonaws.com/image.wt/Promotions/webcp_logo_en/webcp_logo_en_1618394942.png",
                                "width": 1272,
                                "height": 440
                            },
                            {
                                "id": "1272x440",
                                "url": "https://s3-eu-west-1.amazonaws.com/image.wt/Promotions/webcp_logo_ar/webcp_logo_ar_1618394943.png",
                                "width": 1272,
                                "height": 440
                            }
                        ]
                    },
                    {
                        "promotionId": "Bharti Rewind b2b",
                        "orderId": 50,
                        "promoArea": [
                            "home:main"
                        ],
                        "promoType": "REWIND",
                        "showPrice": true,
                        "showText": true,
                        "localizedTexts": {
                            "ar": [
                                "Bharti Rewind b2b2c",
                                " "
                            ],
                            "en": [
                                "Bharti Rewind b2b2c",
                                " "
                            ]
                        },
                        "properties": [
                            {
                                "channelId": "http://data.entertainment.tv.theplatform.eu/entertainment/data/Channel/91249192153",
                                "stationId": "http://data.entertainment.tv.theplatform.eu/entertainment/data/Station/91237416319",
                                "price": "Free",
                                "currency": "USD",
                                "programAvailabilityId": "http://data.entertainment.tv.theplatform.eu/entertainment/data/ProgramAvailability/103781928279",
                                "rating": {
                                    "scheme": "urn:www.citc.gov.sa",
                                    "rating": "family"
                                },
                                "startTime": 1642548600000,
                                "endTime": 1642550400000,
                                "listingId": "http://data.entertainment.tv.theplatform.eu/entertainment/data/Listing/255511592361",
                                "channelNumber": 168,
                                "channelTitle": "Majid",
                                "programTitle": {
                                    "ar": "ماركو بولو",
                                    "en": "The Travels of the Young Marco Polo"
                                },
                                "type": "LINEAR"
                            }
                        ],
                        "images": [
                            {
                                "id": "280x392",
                                "url": "https://s3-eu-west-1.amazonaws.com/image.wt/Promotions/main/main_1626078725.jpeg",
                                "width": 280,
                                "height": 392
                            },
                            {
                                "id": "1024x392",
                                "url": "https://s3-eu-west-1.amazonaws.com/image.wt/Promotions/tablet/tablet_1626078725.jpeg",
                                "width": 1024,
                                "height": 392
                            },
                            {
                                "id": "640x487",
                                "url": "https://s3-eu-west-1.amazonaws.com/image.wt/Promotions/mobile/mobile_1626078725.jpeg",
                                "width": 640,
                                "height": 487
                            },
                            {
                                "id": "1920x1080",
                                "url": "https://s3-eu-west-1.amazonaws.com/image.wt/Promotions/weblandscape/weblandscape_1626078725.jpeg",
                                "width": 1920,
                                "height": 1080
                            },
                            {
                                "id": "396x586",
                                "url": "https://s3-eu-west-1.amazonaws.com/image.wt/Promotions/webportrait/webportrait_1626078725.jpeg",
                                "width": 396,
                                "height": 586
                            },
                            {
                                "id": "1920x1080",
                                "url": "https://s3-eu-west-1.amazonaws.com/image.wt/Promotions/webcp_en/webcp_en_1626078725.jpeg",
                                "width": 1920,
                                "height": 1080
                            },
                            {
                                "id": "1920x1080",
                                "url": "https://s3-eu-west-1.amazonaws.com/image.wt/Promotions/webcp_ar/webcp_ar_1626078725.jpeg",
                                "width": 1920,
                                "height": 1080
                            },
                            {
                                "id": "396x586",
                                "url": "https://s3-eu-west-1.amazonaws.com/image.wt/Promotions/webcp_logo_en/webcp_logo_en_1626078725.jpeg",
                                "width": 396,
                                "height": 586
                            },
                            {
                                "id": "396x586",
                                "url": "https://s3-eu-west-1.amazonaws.com/image.wt/Promotions/webcp_logo_ar/webcp_logo_ar_1626078725.jpeg",
                                "width": 396,
                                "height": 586
                            }
                        ]
                    }
                ]
            ],
            "additionalItems": true,
            "items": {
                "$id": "#/properties/promotions/items",
                "anyOf": [
                    {
                        "$id": "#/properties/promotions/items/anyOf/0",
                        "type": "object",
                        "title": "The first anyOf schema",
                        "description": "An explanation about the purpose of this instance.",
                        "default": {},
                        "examples": [
                            {
                                "promotionId": "sabe movie for b2b",
                                "orderId": 32,
                                "promoArea": [
                                    "home:main"
                                ],
                                "promoType": "VOD",
                                "showPrice": false,
                                "showText": false,
                                "localizedTexts": {
                                    "ar": [
                                        "Sabe movie",
                                        " ",
                                        " "
                                    ],
                                    "en": [
                                        "Sabe movie",
                                        " ",
                                        " "
                                    ]
                                },
                                "properties": [
                                    {
                                        "year": "2019",
                                        "programType": "movie",
                                        "currency": "SAR",
                                        "programAvailabilityId": "http://data.entertainment.tv.theplatform.eu/entertainment/data/ProgramAvailability/192005160233",
                                        "rating": {
                                            "scheme": "urn:www.citc.gov.sa",
                                            "rating": "15"
                                        },
                                        "categories": [
                                            "GADM",
                                            "Movies"
                                        ],
                                        "genre": [
                                            "Comedy"
                                        ],
                                        "programDescription": {
                                            "ar": "فيلم كوميدي اجتماعي. يعقد عمر ونسمة قرانهما رغم استنكار عائلتيهما، لكن تقع المأساة حين يهاجم مسلحون العروسَين. هل يمكن للزوجين الخروج سالِمَين من الصدمة؟ أم أن ارتباطهما محكوم عليه بالخيبة والفشل؟",
                                            "en": "Comedy. Despite the disapproval of their families, Omar and Nesma tie the knot but tragedy strikes when armed assailants attack the newlyweds. Can the couple emerge unscathed from the trauma or is their union doomed?"
                                        },
                                        "duration": "5382"
                                    }
                                ],
                                "images": [
                                    {
                                        "id": "280x392",
                                        "url": "https://s3-eu-west-1.amazonaws.com/image.wt/Promotions/main/main_1618394942.jpeg",
                                        "width": 280,
                                        "height": 392
                                    },
                                    {
                                        "id": "1024x392",
                                        "url": "https://s3-eu-west-1.amazonaws.com/image.wt/Promotions/tablet/tablet_1618394942.jpeg",
                                        "width": 1024,
                                        "height": 392
                                    },
                                    {
                                        "id": "640x487",
                                        "url": "https://s3-eu-west-1.amazonaws.com/image.wt/Promotions/mobile/mobile_1618394942.jpeg",
                                        "width": 640,
                                        "height": 487
                                    },
                                    {
                                        "id": "1920x1080",
                                        "url": "https://s3-eu-west-1.amazonaws.com/image.wt/Promotions/weblandscape/weblandscape_1618394942.jpeg",
                                        "width": 1920,
                                        "height": 1080
                                    },
                                    {
                                        "id": "396x586",
                                        "url": "https://s3-eu-west-1.amazonaws.com/image.wt/Promotions/webportrait/webportrait_1618394942.jpeg",
                                        "width": 396,
                                        "height": 586
                                    },
                                    {
                                        "id": "1920x1080",
                                        "url": "https://s3-eu-west-1.amazonaws.com/image.wt/Promotions/webcp_en/webcp_en_1618394942.jpeg",
                                        "width": 1920,
                                        "height": 1080
                                    },
                                    {
                                        "id": "1920x1080",
                                        "url": "https://s3-eu-west-1.amazonaws.com/image.wt/Promotions/webcp_ar/webcp_ar_1618394942.jpeg",
                                        "width": 1920,
                                        "height": 1080
                                    },
                                    {
                                        "id": "1272x440",
                                        "url": "https://s3-eu-west-1.amazonaws.com/image.wt/Promotions/webcp_logo_en/webcp_logo_en_1618394942.png",
                                        "width": 1272,
                                        "height": 440
                                    },
                                    {
                                        "id": "1272x440",
                                        "url": "https://s3-eu-west-1.amazonaws.com/image.wt/Promotions/webcp_logo_ar/webcp_logo_ar_1618394943.png",
                                        "width": 1272,
                                        "height": 440
                                    }
                                ]
                            }
                        ],
                        "required": [
                            "promotionId",
                            "orderId",
                            "promoArea",
                            "promoType",
                            "showPrice",
                            "showText",
                            "localizedTexts",
                            "properties",
                            "images"
                        ],
                        "properties": {
                            "promotionId": {
                                "$id": "#/properties/promotions/items/anyOf/0/properties/promotionId",
                                "type": "string",
                                "title": "The promotionId schema",
                                "description": "An explanation about the purpose of this instance.",
                                "default": "",
                                "examples": [
                                    "sabe movie for b2b"
                                ]
                            },
                            "orderId": {
                                "$id": "#/properties/promotions/items/anyOf/0/properties/orderId",
                                "type": "integer",
                                "title": "The orderId schema",
                                "description": "An explanation about the purpose of this instance.",
                                "default": 0,
                                "examples": [
                                    32
                                ]
                            },
                            "promoArea": {
                                "$id": "#/properties/promotions/items/anyOf/0/properties/promoArea",
                                "type": "array",
                                "title": "The promoArea schema",
                                "description": "An explanation about the purpose of this instance.",
                                "default": [],
                                "examples": [
                                    [
                                        "home:main"
                                    ]
                                ],
                                "additionalItems": true,
                                "items": {
                                    "$id": "#/properties/promotions/items/anyOf/0/properties/promoArea/items",
                                    "anyOf": [
                                        {
                                            "$id": "#/properties/promotions/items/anyOf/0/properties/promoArea/items/anyOf/0",
                                            "type": "string",
                                            "title": "The first anyOf schema",
                                            "description": "An explanation about the purpose of this instance.",
                                            "default": "",
                                            "examples": [
                                                "home:main"
                                            ]
                                        }
                                    ]
                                }
                            },
                            "promoType": {
                                "$id": "#/properties/promotions/items/anyOf/0/properties/promoType",
                                "type": "string",
                                "title": "The promoType schema",
                                "description": "An explanation about the purpose of this instance.",
                                "default": "",
                                "examples": [
                                    "VOD"
                                ]
                            },
                            "showPrice": {
                                "$id": "#/properties/promotions/items/anyOf/0/properties/showPrice",
                                "type": "boolean",
                                "title": "The showPrice schema",
                                "description": "An explanation about the purpose of this instance.",
                                "default": false,
                                "examples": [
                                    false
                                ]
                            },
                            "showText": {
                                "$id": "#/properties/promotions/items/anyOf/0/properties/showText",
                                "type": "boolean",
                                "title": "The showText schema",
                                "description": "An explanation about the purpose of this instance.",
                                "default": false,
                                "examples": [
                                    false
                                ]
                            },
                            "localizedTexts": {
                                "$id": "#/properties/promotions/items/anyOf/0/properties/localizedTexts",
                                "type": "object",
                                "title": "The localizedTexts schema",
                                "description": "An explanation about the purpose of this instance.",
                                "default": {},
                                "examples": [
                                    {
                                        "ar": [
                                            "Sabe movie",
                                            " ",
                                            " "
                                        ],
                                        "en": [
                                            "Sabe movie",
                                            " ",
                                            " "
                                        ]
                                    }
                                ],
                                "required": [
                                    "ar",
                                    "en"
                                ],
                                "properties": {
                                    "ar": {
                                        "$id": "#/properties/promotions/items/anyOf/0/properties/localizedTexts/properties/ar",
                                        "type": "array",
                                        "title": "The ar schema",
                                        "description": "An explanation about the purpose of this instance.",
                                        "default": [],
                                        "examples": [
                                            [
                                                "Sabe movie",
                                                " "
                                            ]
                                        ],
                                        "additionalItems": true,
                                        "items": {
                                            "$id": "#/properties/promotions/items/anyOf/0/properties/localizedTexts/properties/ar/items",
                                            "anyOf": [
                                                {
                                                    "$id": "#/properties/promotions/items/anyOf/0/properties/localizedTexts/properties/ar/items/anyOf/0",
                                                    "type": "string",
                                                    "title": "The first anyOf schema",
                                                    "description": "An explanation about the purpose of this instance.",
                                                    "default": "",
                                                    "examples": [
                                                        "Sabe movie",
                                                        " "
                                                    ]
                                                }
                                            ]
                                        }
                                    },
                                    "en": {
                                        "$id": "#/properties/promotions/items/anyOf/0/properties/localizedTexts/properties/en",
                                        "type": "array",
                                        "title": "The en schema",
                                        "description": "An explanation about the purpose of this instance.",
                                        "default": [],
                                        "examples": [
                                            [
                                                "Sabe movie",
                                                " "
                                            ]
                                        ],
                                        "additionalItems": true,
                                        "items": {
                                            "$id": "#/properties/promotions/items/anyOf/0/properties/localizedTexts/properties/en/items",
                                            "anyOf": [
                                                {
                                                    "$id": "#/properties/promotions/items/anyOf/0/properties/localizedTexts/properties/en/items/anyOf/0",
                                                    "type": "string",
                                                    "title": "The first anyOf schema",
                                                    "description": "An explanation about the purpose of this instance.",
                                                    "default": "",
                                                    "examples": [
                                                        "Sabe movie",
                                                        " "
                                                    ]
                                                }
                                            ]
                                        }
                                    }
                                },
                                "additionalProperties": true
                            },
                            "properties": {
                                "$id": "#/properties/promotions/items/anyOf/0/properties/properties",
                                "type": "array",
                                "title": "The properties schema",
                                "description": "An explanation about the purpose of this instance.",
                                "default": [],
                                "examples": [
                                    [
                                        {
                                            "year": "2019",
                                            "programType": "movie",
                                            "currency": "SAR",
                                            "programAvailabilityId": "http://data.entertainment.tv.theplatform.eu/entertainment/data/ProgramAvailability/192005160233",
                                            "rating": {
                                                "scheme": "urn:www.citc.gov.sa",
                                                "rating": "15"
                                            },
                                            "categories": [
                                                "GADM",
                                                "Movies"
                                            ],
                                            "genre": [
                                                "Comedy"
                                            ],
                                            "programDescription": {
                                                "ar": "فيلم كوميدي اجتماعي. يعقد عمر ونسمة قرانهما رغم استنكار عائلتيهما، لكن تقع المأساة حين يهاجم مسلحون العروسَين. هل يمكن للزوجين الخروج سالِمَين من الصدمة؟ أم أن ارتباطهما محكوم عليه بالخيبة والفشل؟",
                                                "en": "Comedy. Despite the disapproval of their families, Omar and Nesma tie the knot but tragedy strikes when armed assailants attack the newlyweds. Can the couple emerge unscathed from the trauma or is their union doomed?"
                                            },
                                            "duration": "5382"
                                        }
                                    ]
                                ],
                                "additionalItems": true,
                                "items": {
                                    "$id": "#/properties/promotions/items/anyOf/0/properties/properties/items",
                                    "anyOf": [
                                        {
                                            "$id": "#/properties/promotions/items/anyOf/0/properties/properties/items/anyOf/0",
                                            "type": "object",
                                            "title": "The first anyOf schema",
                                            "description": "An explanation about the purpose of this instance.",
                                            "default": {},
                                            "examples": [
                                                {
                                                    "year": "2019",
                                                    "programType": "movie",
                                                    "currency": "SAR",
                                                    "programAvailabilityId": "http://data.entertainment.tv.theplatform.eu/entertainment/data/ProgramAvailability/192005160233",
                                                    "rating": {
                                                        "scheme": "urn:www.citc.gov.sa",
                                                        "rating": "15"
                                                    },
                                                    "categories": [
                                                        "GADM",
                                                        "Movies"
                                                    ],
                                                    "genre": [
                                                        "Comedy"
                                                    ],
                                                    "programDescription": {
                                                        "ar": "فيلم كوميدي اجتماعي. يعقد عمر ونسمة قرانهما رغم استنكار عائلتيهما، لكن تقع المأساة حين يهاجم مسلحون العروسَين. هل يمكن للزوجين الخروج سالِمَين من الصدمة؟ أم أن ارتباطهما محكوم عليه بالخيبة والفشل؟",
                                                        "en": "Comedy. Despite the disapproval of their families, Omar and Nesma tie the knot but tragedy strikes when armed assailants attack the newlyweds. Can the couple emerge unscathed from the trauma or is their union doomed?"
                                                    },
                                                    "duration": "5382"
                                                }
                                            ],
                                            "required": [
                                                "year",
                                                "programType",
                                                "currency",
                                                "programAvailabilityId",
                                                "rating",
                                                "categories",
                                                "genre",
                                                "programDescription",
                                                "duration"
                                            ],
                                            "properties": {
                                                "year": {
                                                    "$id": "#/properties/promotions/items/anyOf/0/properties/properties/items/anyOf/0/properties/year",
                                                    "type": "string",
                                                    "title": "The year schema",
                                                    "description": "An explanation about the purpose of this instance.",
                                                    "default": "",
                                                    "examples": [
                                                        "2019"
                                                    ]
                                                },
                                                "programType": {
                                                    "$id": "#/properties/promotions/items/anyOf/0/properties/properties/items/anyOf/0/properties/programType",
                                                    "type": "string",
                                                    "title": "The programType schema",
                                                    "description": "An explanation about the purpose of this instance.",
                                                    "default": "",
                                                    "examples": [
                                                        "movie"
                                                    ]
                                                },
                                                "currency": {
                                                    "$id": "#/properties/promotions/items/anyOf/0/properties/properties/items/anyOf/0/properties/currency",
                                                    "type": "string",
                                                    "title": "The currency schema",
                                                    "description": "An explanation about the purpose of this instance.",
                                                    "default": "",
                                                    "examples": [
                                                        "SAR"
                                                    ]
                                                },
                                                "programAvailabilityId": {
                                                    "$id": "#/properties/promotions/items/anyOf/0/properties/properties/items/anyOf/0/properties/programAvailabilityId",
                                                    "type": "string",
                                                    "title": "The programAvailabilityId schema",
                                                    "description": "An explanation about the purpose of this instance.",
                                                    "default": "",
                                                    "examples": [
                                                        "http://data.entertainment.tv.theplatform.eu/entertainment/data/ProgramAvailability/192005160233"
                                                    ]
                                                },
                                                "rating": {
                                                    "$id": "#/properties/promotions/items/anyOf/0/properties/properties/items/anyOf/0/properties/rating",
                                                    "type": "object",
                                                    "title": "The rating schema",
                                                    "description": "An explanation about the purpose of this instance.",
                                                    "default": {},
                                                    "examples": [
                                                        {
                                                            "scheme": "urn:www.citc.gov.sa",
                                                            "rating": "15"
                                                        }
                                                    ],
                                                    "required": [
                                                        "scheme",
                                                        "rating"
                                                    ],
                                                    "properties": {
                                                        "scheme": {
                                                            "$id": "#/properties/promotions/items/anyOf/0/properties/properties/items/anyOf/0/properties/rating/properties/scheme",
                                                            "type": "string",
                                                            "title": "The scheme schema",
                                                            "description": "An explanation about the purpose of this instance.",
                                                            "default": "",
                                                            "examples": [
                                                                "urn:www.citc.gov.sa"
                                                            ]
                                                        },
                                                        "rating": {
                                                            "$id": "#/properties/promotions/items/anyOf/0/properties/properties/items/anyOf/0/properties/rating/properties/rating",
                                                            "type": "string",
                                                            "title": "The rating schema",
                                                            "description": "An explanation about the purpose of this instance.",
                                                            "default": "",
                                                            "examples": [
                                                                "15"
                                                            ]
                                                        }
                                                    },
                                                    "additionalProperties": true
                                                },
                                                "categories": {
                                                    "$id": "#/properties/promotions/items/anyOf/0/properties/properties/items/anyOf/0/properties/categories",
                                                    "type": "array",
                                                    "title": "The categories schema",
                                                    "description": "An explanation about the purpose of this instance.",
                                                    "default": [],
                                                    "examples": [
                                                        [
                                                            "GADM",
                                                            "Movies"
                                                        ]
                                                    ],
                                                    "additionalItems": true,
                                                    "items": {
                                                        "$id": "#/properties/promotions/items/anyOf/0/properties/properties/items/anyOf/0/properties/categories/items",
                                                        "anyOf": [
                                                            {
                                                                "$id": "#/properties/promotions/items/anyOf/0/properties/properties/items/anyOf/0/properties/categories/items/anyOf/0",
                                                                "type": "string",
                                                                "title": "The first anyOf schema",
                                                                "description": "An explanation about the purpose of this instance.",
                                                                "default": "",
                                                                "examples": [
                                                                    "GADM",
                                                                    "Movies"
                                                                ]
                                                            }
                                                        ]
                                                    }
                                                },
                                                "genre": {
                                                    "$id": "#/properties/promotions/items/anyOf/0/properties/properties/items/anyOf/0/properties/genre",
                                                    "type": "array",
                                                    "title": "The genre schema",
                                                    "description": "An explanation about the purpose of this instance.",
                                                    "default": [],
                                                    "examples": [
                                                        [
                                                            "Comedy"
                                                        ]
                                                    ],
                                                    "additionalItems": true,
                                                    "items": {
                                                        "$id": "#/properties/promotions/items/anyOf/0/properties/properties/items/anyOf/0/properties/genre/items",
                                                        "anyOf": [
                                                            {
                                                                "$id": "#/properties/promotions/items/anyOf/0/properties/properties/items/anyOf/0/properties/genre/items/anyOf/0",
                                                                "type": "string",
                                                                "title": "The first anyOf schema",
                                                                "description": "An explanation about the purpose of this instance.",
                                                                "default": "",
                                                                "examples": [
                                                                    "Comedy"
                                                                ]
                                                            }
                                                        ]
                                                    }
                                                },
                                                "programDescription": {
                                                    "$id": "#/properties/promotions/items/anyOf/0/properties/properties/items/anyOf/0/properties/programDescription",
                                                    "type": "object",
                                                    "title": "The programDescription schema",
                                                    "description": "An explanation about the purpose of this instance.",
                                                    "default": {},
                                                    "examples": [
                                                        {
                                                            "ar": "فيلم كوميدي اجتماعي. يعقد عمر ونسمة قرانهما رغم استنكار عائلتيهما، لكن تقع المأساة حين يهاجم مسلحون العروسَين. هل يمكن للزوجين الخروج سالِمَين من الصدمة؟ أم أن ارتباطهما محكوم عليه بالخيبة والفشل؟",
                                                            "en": "Comedy. Despite the disapproval of their families, Omar and Nesma tie the knot but tragedy strikes when armed assailants attack the newlyweds. Can the couple emerge unscathed from the trauma or is their union doomed?"
                                                        }
                                                    ],
                                                    "required": [
                                                        "ar",
                                                        "en"
                                                    ],
                                                    "properties": {
                                                        "ar": {
                                                            "$id": "#/properties/promotions/items/anyOf/0/properties/properties/items/anyOf/0/properties/programDescription/properties/ar",
                                                            "type": "string",
                                                            "title": "The ar schema",
                                                            "description": "An explanation about the purpose of this instance.",
                                                            "default": "",
                                                            "examples": [
                                                                "فيلم كوميدي اجتماعي. يعقد عمر ونسمة قرانهما رغم استنكار عائلتيهما، لكن تقع المأساة حين يهاجم مسلحون العروسَين. هل يمكن للزوجين الخروج سالِمَين من الصدمة؟ أم أن ارتباطهما محكوم عليه بالخيبة والفشل؟"
                                                            ]
                                                        },
                                                        "en": {
                                                            "$id": "#/properties/promotions/items/anyOf/0/properties/properties/items/anyOf/0/properties/programDescription/properties/en",
                                                            "type": "string",
                                                            "title": "The en schema",
                                                            "description": "An explanation about the purpose of this instance.",
                                                            "default": "",
                                                            "examples": [
                                                                "Comedy. Despite the disapproval of their families, Omar and Nesma tie the knot but tragedy strikes when armed assailants attack the newlyweds. Can the couple emerge unscathed from the trauma or is their union doomed?"
                                                            ]
                                                        }
                                                    },
                                                    "additionalProperties": true
                                                },
                                                "duration": {
                                                    "$id": "#/properties/promotions/items/anyOf/0/properties/properties/items/anyOf/0/properties/duration",
                                                    "type": "string",
                                                    "title": "The duration schema",
                                                    "description": "An explanation about the purpose of this instance.",
                                                    "default": "",
                                                    "examples": [
                                                        "5382"
                                                    ]
                                                }
                                            },
                                            "additionalProperties": true
                                        }
                                    ]
                                }
                            },
                            "images": {
                                "$id": "#/properties/promotions/items/anyOf/0/properties/images",
                                "type": "array",
                                "title": "The images schema",
                                "description": "An explanation about the purpose of this instance.",
                                "default": [],
                                "examples": [
                                    [
                                        {
                                            "id": "280x392",
                                            "url": "https://s3-eu-west-1.amazonaws.com/image.wt/Promotions/main/main_1618394942.jpeg",
                                            "width": 280,
                                            "height": 392
                                        },
                                        {
                                            "id": "1024x392",
                                            "url": "https://s3-eu-west-1.amazonaws.com/image.wt/Promotions/tablet/tablet_1618394942.jpeg",
                                            "width": 1024,
                                            "height": 392
                                        }
                                    ]
                                ],
                                "additionalItems": true,
                                "items": {
                                    "$id": "#/properties/promotions/items/anyOf/0/properties/images/items",
                                    "anyOf": [
                                        {
                                            "$id": "#/properties/promotions/items/anyOf/0/properties/images/items/anyOf/0",
                                            "type": "object",
                                            "title": "The first anyOf schema",
                                            "description": "An explanation about the purpose of this instance.",
                                            "default": {},
                                            "examples": [
                                                {
                                                    "id": "280x392",
                                                    "url": "https://s3-eu-west-1.amazonaws.com/image.wt/Promotions/main/main_1618394942.jpeg",
                                                    "width": 280,
                                                    "height": 392
                                                }
                                            ],
                                            "required": [
                                                "id",
                                                "url",
                                                "width",
                                                "height"
                                            ],
                                            "properties": {
                                                "id": {
                                                    "$id": "#/properties/promotions/items/anyOf/0/properties/images/items/anyOf/0/properties/id",
                                                    "type": "string",
                                                    "title": "The id schema",
                                                    "description": "An explanation about the purpose of this instance.",
                                                    "default": "",
                                                    "examples": [
                                                        "280x392"
                                                    ]
                                                },
                                                "url": {
                                                    "$id": "#/properties/promotions/items/anyOf/0/properties/images/items/anyOf/0/properties/url",
                                                    "type": "string",
                                                    "title": "The url schema",
                                                    "description": "An explanation about the purpose of this instance.",
                                                    "default": "",
                                                    "examples": [
                                                        "https://s3-eu-west-1.amazonaws.com/image.wt/Promotions/main/main_1618394942.jpeg"
                                                    ]
                                                },
                                                "width": {
                                                    "$id": "#/properties/promotions/items/anyOf/0/properties/images/items/anyOf/0/properties/width",
                                                    "type": "integer",
                                                    "title": "The width schema",
                                                    "description": "An explanation about the purpose of this instance.",
                                                    "default": 0,
                                                    "examples": [
                                                        280
                                                    ]
                                                },
                                                "height": {
                                                    "$id": "#/properties/promotions/items/anyOf/0/properties/images/items/anyOf/0/properties/height",
                                                    "type": "integer",
                                                    "title": "The height schema",
                                                    "description": "An explanation about the purpose of this instance.",
                                                    "default": 0,
                                                    "examples": [
                                                        392
                                                    ]
                                                }
                                            },
                                            "additionalProperties": true
                                        }
                                    ]
                                }
                            }
                        },
                        "additionalProperties": true
                    }
                ]
            }
        }
    },
    "additionalProperties": true
}