<?xml version="1.0" encoding="UTF-8"?>
<!DOCTYPE suite SYSTEM "https://testng.org/testng-1.0.dtd">
<suite name="Suite">
  <test thread-count="5" name="Test">
    <classes> 
      <class name="APIProject.Test_001"/>
      <class name="APIProject.Test_002"/>  
      <class name="APIProject.Test_003"/>
      <class name="APIProject.Test_004"/>  
      <class name="APIProject.Test_005"/>
      <class name="APIProject.Test_006"/>
    </classes>
  </test> <!-- Test -->
</suite> <!-- Suite -->
